context_2;context_1;context_0;resp;topic
;;Что посмотреть вечером? ;"Что может быть лучше лекций по философии? 

Шучу, я люблю сериалы! Советую посмотреть `Кремниевую долину`";club
;;Посоветуй фильм или сериал.;"Что может быть лучше лекций по философии? 

Шучу, я люблю сериалы! Советую посмотреть `Кремниевую долину`";club
;;Какие фильмы ты смотришь?;"Что может быть лучше лекций по философии? 

Шучу, я люблю сериалы! Советую посмотреть `Кремниевую долину`";club
;;Что ты слушаешь?;"Лучшая музыка - это монотонный голос преподавателя на лекции, под который так прекрасно засыпаешь .. Хр... Ой!

Люблю рок! Безусловно рок! Scorpions - мои фавориты :)";club
;;Кто твой любимый исполнитель?;"Лучшая музыка - это монотонный голос преподавателя на лекции, под который так прекрасно засыпаешь .. Хр... Ой!

Люблю рок! Безусловно рок! Scorpions - мои фавориты :)";club
;;Какую музыку предпочитаешь?;"Лучшая музыка - это монотонный голос преподавателя на лекции, под который так прекрасно засыпаешь .. Хр... Ой!

Люблю рок! Безусловно рок! Scorpions - мои фавориты :)";club
;;Что такое студенческий клуб?;Студенческий клуб Культуры и Творчества ИТА ЮФУ (СККиТ, Студклуб, СК) — место, где студенты ИТА (Радика) могут заниматься любыми видами творчества.;club
;;Что из себя представляет студ. клуб?;Студенческий клуб Культуры и Творчества ИТА ЮФУ (СККиТ, Студклуб, СК) — место, где студенты ИТА (Радика) могут заниматься любыми видами творчества.;club
;;Много ли студентов состоят в студ. клубе?;Достаточно много! ;club
;;Как попасть в студенческий клуб?;В начале года проходит организационное собрание, куда могут прийти все желающие состоять в студклубе. Информацию об этом собрании публикуют в группе: https://vk.com/studclub_tgn;club
;;Как вступить в студ. клуб?;В начале года проходит организационное собрание, куда могут прийти все желающие состоять в студклубе. Информацию об этом собрании публикуют в группе: https://vk.com/studclub_tgn;club
;;Где находиться студ. клуб?;"Студенческий клуб находится по адресу Чехова ул. 22 `Б`, г.Таганрог";club
;;Есть ли возможность заниматься творчеством в университете?;Студенческий клуб - это про творчество! Тут есть много разных направлений. Подробнее можно почитать в статье: https://vk.com/@studclub_tgn-chto-takoe-sk;club
;;Можно ли проявлять свои навыки в студ. клубе?;Студенческий клуб - это про творчество! Тут есть много разных направлений. Подробнее можно почитать в статье: https://vk.com/@studclub_tgn-chto-takoe-sk;club
;;Что нужно делать в студ. клубе?;Студенческий клуб - это про творчество! Тут есть много разных направлений. Подробнее можно почитать в статье: https://vk.com/@studclub_tgn-chto-takoe-sk;club
;;Где можно найти перечень документов для поступления?;"Давайте взглянем на список документов, необходимых для поступления:
1)	Документ, удостоверяющий личность, гражданство (например, паспорт);
2)	Документ об образовании установленного образца (аттестат);
3)	Для использования права на прием в пределах особой квоты - документ, подтверждающий, что поступающий относится к числу соответствующих лиц;
4)	Для использования особого права или преимущества победителями и призерами всероссийской олимпиады или олимпиад школьников из перечня Министерства науки и высшего образования - документ, подтверждающий, что поступающий является победителем или призером заключительного этапа всероссийской олимпиады школьников или победителем/призером олимпиады школьников;
5)	Документы, подтверждающие индивидуальные достижения поступающего, результаты которых учитываются при приеме на обучение в соответствии с правилами приема, утвержденными Университетом самостоятельно (предоставляется по вашему желанию);
6)	Иные документы по вашему усмотрению;
7)	Фотографии 3x4. В количестве 4 штук;
8)	СНИЛС (страховое свидетельство обязательного пенсионного страхования) при его наличии.
А вот ссылка на сайт университета, откуда я взял эту информацию для вас. Можете посмотреть сами :) https://sfedu.ru/www/stat_pages22.show?p=ABT/main/M";docs
;;Что взять с собой в приемную комиссию?;"Давайте взглянем на список документов, необходимых для поступления:
1)	Документ, удостоверяющий личность, гражданство (например, паспорт);
2)	Документ об образовании установленного образца (аттестат);
3)	Для использования права на прием в пределах особой квоты - документ, подтверждающий, что поступающий относится к числу соответствующих лиц;
4)	Для использования особого права или преимущества победителями и призерами всероссийской олимпиады или олимпиад школьников из перечня Министерства науки и высшего образования - документ, подтверждающий, что поступающий является победителем или призером заключительного этапа всероссийской олимпиады школьников или победителем/призером олимпиады школьников;
5)	Документы, подтверждающие индивидуальные достижения поступающего, результаты которых учитываются при приеме на обучение в соответствии с правилами приема, утвержденными Университетом самостоятельно (предоставляется по вашему желанию);
6)	Иные документы по вашему усмотрению;
7)	Фотографии 3x4. В количестве 4 штук;
8)	СНИЛС (страховое свидетельство обязательного пенсионного страхования) при его наличии.
А вот ссылка на сайт университета, откуда я взял эту информацию для вас. Можете посмотреть сами :) https://sfedu.ru/www/stat_pages22.show?p=ABT/main/M";docs
;;Какие документы нужно приносить для поступления?;"Давайте взглянем на список документов, необходимых для поступления:
1)	Документ, удостоверяющий личность, гражданство (например, паспорт);
2)	Документ об образовании установленного образца (аттестат);
3)	Для использования права на прием в пределах особой квоты - документ, подтверждающий, что поступающий относится к числу соответствующих лиц;
4)	Для использования особого права или преимущества победителями и призерами всероссийской олимпиады или олимпиад школьников из перечня Министерства науки и высшего образования - документ, подтверждающий, что поступающий является победителем или призером заключительного этапа всероссийской олимпиады школьников или победителем/призером олимпиады школьников;
5)	Документы, подтверждающие индивидуальные достижения поступающего, результаты которых учитываются при приеме на обучение в соответствии с правилами приема, утвержденными Университетом самостоятельно (предоставляется по вашему желанию);
6)	Иные документы по вашему усмотрению;
7)	Фотографии 3x4. В количестве 4 штук;
8)	СНИЛС (страховое свидетельство обязательного пенсионного страхования) при его наличии.
А вот ссылка на сайт университета, откуда я взял эту информацию для вас. Можете посмотреть сами :) https://sfedu.ru/www/stat_pages22.show?p=ABT/main/M";docs
;;Могу ли я принести копию аттестата?;Да. Но если вы точно уверены, что будете поступать именно в ЮФУ — можете сразу нести оригиналы.;docs
;;Можно ли принести копии документов?;Да. Но если вы точно уверены, что будете поступать именно в ЮФУ — можете сразу нести оригиналы.;docs
;;Когда последний день подачи документов?;Посмотреть актуальную информацию по этому вопросу можно вот тут: https://sfedu.ru/www/stat_pages22.show?p=ABT/N8201;docs
;;Крайние сроки подачи документов?;Посмотреть актуальную информацию по этому вопросу можно вот тут: https://sfedu.ru/www/stat_pages22.show?p=ABT/N8202;docs
;;Когда нести документы в приемную комиссию?;Актуальная информация на эту тему находится вот тут: https://sfedu.ru/www/stat_pages22.show?p=ABT/N8201;docs
;;Дата начала приема документов?;Актуальная информация на эту тему находится вот тут: https://sfedu.ru/www/stat_pages22.show?p=ABT/N8202;docs
;;Подача документов онлайн.;"Вот несколько ссылок, которые вам помогут. Тут могут  подать заявление на поступление граждане РФ: https://webabit.sfedu.ru/
А вот тут это могут сделать иностранные граждане: https://sfedu.ru/www/stat_pages22.show?p=ABT/N8216
Также можно подать заявление через сайт госуслуг.";docs
;;Можно ли подать заявление на поступление online?;"Вот несколько ссылок, которые вам помогут. Тут могут  подать заявление на поступление граждане РФ: https://webabit.sfedu.ru/
А вот тут это могут сделать иностранные граждане: https://sfedu.ru/www/stat_pages22.show?p=ABT/N8216
Также можно подать заявление через сайт госуслуг.";docs
;;Сколько фотографий нужно сделать для поступления?;В приемной комиссии попросят 4 фотографии в размере 3x4, но я советую сделать с запасом - мало фотографий не бывает... Единственное в чем я уверен это в том, что вы на них выглядите великолепно! :));docs
;;Сколько фотографий необходимо приложить к документам?;В приемной комиссии попросят 4 фотографии в размере 3x4, но я советую сделать с запасом - мало фотографий не бывает... Единственное в чем я уверен это в том, что вы на них выглядите великолепно! :));docs
;;Нужна ли справка 086-У?;Да. Она нужна для получения справки на физкультуру;docs
;;Будут ли пары 1 сентября?;"Общее организационное собрание вашего института (ИКТИБ, ИНЭП и тд), а потом еще одно собрание — вашего направления. Вас распределят по группам, познакомят с куратором. А еще выберете старосту и познакомитесь с некоторыми преподавателями.
Если вдруг я не смог дать вам достаточные ответы на какие-то ваши вопросы — на них ответят на организационном собрании!
";docs
;;Какая цена общежития?;"Если мы говорим про Ростов-на-Дону, то цена общежития соответственно от 758 до 2265 руб/мес койко-место. 
Если мы говорим про Таганрог, то цена общежития соответственно от 701 до 1589 руб/мес койко-место. Это зависит от типа общежития (коридорный, секционный или квартирный), также от периода проживания (летний период с мая по сентябрь включительно или зимний период с октября по апрель включительно) и от формы обучения.
Посмотреть подробную таблицу с ценами на общежития можно в документе `Приказ о порядке оплаты за проживание` по ссылке https://sfedu.ru/www/stat_pages22.show?p=STD/N12304/P
битуриенты и их родственники тоже могут проживать в общежитии на время подачи документов или сдачи вступительных экзаменов. Цена от 200 до 8300 руб койко-место. Зависит от типа общежития и длительности проживания. Опять таки, более подробная информация находится в документе `Приказ о порядке оплаты за проживание` по ссылке https://sfedu.ru/www/stat_pages22.show?p=STD/N12304/P";dorm
;;Стоимость общежития;"Если мы говорим про Ростов-на-Дону, то цена общежития соответственно от 758 до 2265 руб/мес койко-место. 
Если мы говорим про Таганрог, то цена общежития соответственно от 701 до 1589 руб/мес койко-место. Это зависит от типа общежития (коридорный, секционный или квартирный), также от периода проживания (летний период с мая по сентябрь включительно или зимний период с октября по апрель включительно) и от формы обучения.
Посмотреть подробную таблицу с ценами на общежития можно в документе `Приказ о порядке оплаты за проживание` по ссылке https://sfedu.ru/www/stat_pages22.show?p=STD/N12304/P
битуриенты и их родственники тоже могут проживать в общежитии на время подачи документов или сдачи вступительных экзаменов. Цена от 200 до 8300 руб койко-место. Зависит от типа общежития и длительности проживания. Опять таки, более подробная информация находится в документе `Приказ о порядке оплаты за проживание` по ссылке https://sfedu.ru/www/stat_pages22.show?p=STD/N12304/P";dorm
;;Сколько платить за общагу?;"Если мы говорим про Ростов-на-Дону, то цена общежития соответственно от 758 до 2265 руб/мес койко-место. 
Если мы говорим про Таганрог, то цена общежития соответственно от 701 до 1589 руб/мес койко-место. Это зависит от типа общежития (коридорный, секционный или квартирный), также от периода проживания (летний период с мая по сентябрь включительно или зимний период с октября по апрель включительно) и от формы обучения.
Посмотреть подробную таблицу с ценами на общежития можно в документе `Приказ о порядке оплаты за проживание` по ссылке https://sfedu.ru/www/stat_pages22.show?p=STD/N12304/P
битуриенты и их родственники тоже могут проживать в общежитии на время подачи документов или сдачи вступительных экзаменов. Цена от 200 до 8300 руб койко-место. Зависит от типа общежития и длительности проживания. Опять таки, более подробная информация находится в документе `Приказ о порядке оплаты за проживание` по ссылке https://sfedu.ru/www/stat_pages22.show?p=STD/N12304/P";dorm
;;Сколько стоит общежитие?;"Если мы говорим про Ростов-на-Дону, то цена общежития соответственно от 758 до 2265 руб/мес койко-место. 
Если мы говорим про Таганрог, то цена общежития соответственно от 701 до 1589 руб/мес койко-место. Это зависит от типа общежития (коридорный, секционный или квартирный), также от периода проживания (летний период с мая по сентябрь включительно или зимний период с октября по апрель включительно) и от формы обучения.
Посмотреть подробную таблицу с ценами на общежития можно в документе `Приказ о порядке оплаты за проживание` по ссылке https://sfedu.ru/www/stat_pages22.show?p=STD/N12304/P
битуриенты и их родственники тоже могут проживать в общежитии на время подачи документов или сдачи вступительных экзаменов. Цена от 200 до 8300 руб койко-место. Зависит от типа общежития и длительности проживания. Опять таки, более подробная информация находится в документе `Приказ о порядке оплаты за проживание` по ссылке https://sfedu.ru/www/stat_pages22.show?p=STD/N12304/P";dorm
;;Что нужно для заселения в общежитие?;"Итак, вы получили ответ в личном кабинете с номером общежития и комнаты. Давайте взглянем на список документов, которые должны быть у вас для заселения:
1)	паспорт;
2)	2 копии паспорта (страница с фото и  страница с регистрацией на одном листе);
3)	копия полиса обязательного медицинского страхования (для граждан РФ);
4)	копия страхового свидетельства обязательного пенсионного страхования (СНИЛС) (для граждан РФ);
5)	4 цветные фотографии размером 3х4;
6)	результат флюорографии и результат анализа кала на яйца глистов;
7)	Для обучающихся в г. Ростов-на-Дону: - справка из  ОАО `Ростовгоргаз` по пользованию газовыми плитами (можно сделать по месту жительства жителям РО, остальным: г. Ростов-на-Дону, пр.Шолохова, 14, техкабинет), для общежитий секционного и коридорного типа;Для обучающихся в г. Таганроге:- необходимо получить справку по пользованию газовыми плитами из АО Таганрогмежрегионгаз по адресу г. Таганрог, ул, Дзержинского, 3.
 На всякий случай прикрепляю ссылку на информацию на сайте ЮФУ, где этот вопрос расписан подробно (см. раздел “Шаг второй”. Рекомендую также ознакомиться с другими шагами!): https://sfedu.ru/www/stat_pages22.show?p=STD/N12176/P.";dorm
;;Документы для общаги ;"Итак, вы получили ответ в личном кабинете с номером общежития и комнаты. Давайте взглянем на список документов, которые должны быть у вас для заселения:
1)	паспорт;
2)	2 копии паспорта (страница с фото и  страница с регистрацией на одном листе);
3)	копия полиса обязательного медицинского страхования (для граждан РФ);
4)	копия страхового свидетельства обязательного пенсионного страхования (СНИЛС) (для граждан РФ);
5)	4 цветные фотографии размером 3х4;
6)	результат флюорографии и результат анализа кала на яйца глистов;
7)	Для обучающихся в г. Ростов-на-Дону: - справка из  ОАО `Ростовгоргаз` по пользованию газовыми плитами (можно сделать по месту жительства жителям РО, остальным: г. Ростов-на-Дону, пр.Шолохова, 14, техкабинет), для общежитий секционного и коридорного типа;Для обучающихся в г. Таганроге:- необходимо получить справку по пользованию газовыми плитами из АО Таганрогмежрегионгаз по адресу г. Таганрог, ул, Дзержинского, 3.
 На всякий случай прикрепляю ссылку на информацию на сайте ЮФУ, где этот вопрос расписан подробно (см. раздел “Шаг второй”. Рекомендую также ознакомиться с другими шагами!): https://sfedu.ru/www/stat_pages22.show?p=STD/N12176/P.";dorm
;;Какие справки и документы необходимы для общежития?;"Итак, вы получили ответ в личном кабинете с номером общежития и комнаты. Давайте взглянем на список документов, которые должны быть у вас для заселения:
1)	паспорт;
2)	2 копии паспорта (страница с фото и  страница с регистрацией на одном листе);
3)	копия полиса обязательного медицинского страхования (для граждан РФ);
4)	копия страхового свидетельства обязательного пенсионного страхования (СНИЛС) (для граждан РФ);
5)	4 цветные фотографии размером 3х4;
6)	результат флюорографии и результат анализа кала на яйца глистов;
7)	Для обучающихся в г. Ростов-на-Дону: - справка из  ОАО `Ростовгоргаз` по пользованию газовыми плитами (можно сделать по месту жительства жителям РО, остальным: г. Ростов-на-Дону, пр.Шолохова, 14, техкабинет), для общежитий секционного и коридорного типа;Для обучающихся в г. Таганроге:- необходимо получить справку по пользованию газовыми плитами из АО Таганрогмежрегионгаз по адресу г. Таганрог, ул, Дзержинского, 3.
 На всякий случай прикрепляю ссылку на информацию на сайте ЮФУ, где этот вопрос расписан подробно (см. раздел “Шаг второй”. Рекомендую также ознакомиться с другими шагами!): https://sfedu.ru/www/stat_pages22.show?p=STD/N12176/P.";dorm
;;Когда будет заселение в общагу?;"Актуальную информацию об этом можно узнать тут, в разделе `Шаг первый`: https://sfedu.ru/www/stat_pages22.show?p=STD/N12176/P";dorm
;;Когда заселяться в общежтие?;"Актуальную информацию об этом можно узнать тут, в разделе `Шаг первый`: https://sfedu.ru/www/stat_pages22.show?p=STD/N12176/P";dorm
;;В какие дни можно приходить подавать заявление на заселение?;"Актуальную информацию об этом можно узнать тут, в разделе `Шаг первый`: https://sfedu.ru/www/stat_pages22.show?p=STD/N12176/P";dorm
;;Сколько всего общежитий?;Всего у ЮФУ 19 общежитий. Из них 12 расположены в Ростове-на-Дону и 7 в Таганроге. Более подробную информацию о количестве общежитий, типе общежитий и количестве мест можно узнать вот тут: https://sfedu.ru/www/stat_pages22.show?p=STD/N13054/P;dorm
;;В каком состоянии комната в общежитии?;"Это зависит от общежития, а именно, когда там был сделан ремонт. Нынешние обитатели общежитий в Таганроге хвалят пятый, шестой и седьмой корпуса. Для полноты картины и составления собственного мнения рекомендую ознакомиться с фотогалереей общежитий: https://sfedu.ru/www/stat_pages22.show?p=STD/N13055/P
К сожалению, сайт нам не признается, какое общежитие лучше, а какое хуже, поэтому озвучу парочку собственных выводов. Предполагаю, что лучше всех должно сохраниться более новое общежитие. А это у нас общежитие номер 6, построено оно в 1999 году, как утверждает сайт. Если что, ознакомиться с датами постройки общежитий можно вот тут: https://sfedu.ru/www/stat_pages22.show?p=STD/N13057/P";dorm
;;Какое общежитие лучше и «целее»?;"Нынешние обитатели общежитий в Таганроге хвалят пятый, шестой и седьмой корпуса. Для полноты картины и составления собственного мнения рекомендую ознакомиться с фотогалереей общежитий: https://sfedu.ru/www/stat_pages22.show?p=STD/N13055/P
К сожалению, сайт нам не признается, какое общежитие лучше, а какое хуже, поэтому озвучу парочку собственных выводов. Предполагаю, что лучше всех должно сохраниться более новое общежитие. А это у нас общежитие номер 6, построено оно в 1999 году, как утверждает сайт. Если что, ознакомиться с датами постройки общежитий можно вот тут: https://sfedu.ru/www/stat_pages22.show?p=STD/N13057/P";dorm
;;Сколько добираться от общежития до университета?;"Совсем недалеко: пешим шагом идти от 4 до 20 минут.  
А теперь рассмотрим вопрос подробнее. ЮФУ в Таганроге имеет целых 8 корпусов! Но, спешу утешить, корпуса и общежития находятся не так уж и далеко друг от друга. Вот тут можно найти карту, на которой указаны все 7 общежитий ЮФУ в Таганроге: https://sfedu.ru/www/stat_pages22.show?p=STD/N13058/P 
Я рассмотрел эту информацию за вас, и вот что могу сказать: общежития находятся совсем рядом с корпусами, максимальное расстояние от общежития до корпуса едва ли превысило полтора километра. Ближе всего к общежитиям располагаются корпуса А, Б, Г и Д (в пределах 740м, если быть точным). Пешим шагом- от 4 до 10 минут, в зависимости от корпусов. Дольше идти придется до В, Е, И и К (в пределах 1500м). Пешим шагом- от 18 до 20 минут.";dorm
;;Как далеко расположены общежития от института?;"Совсем недалеко: пешим шагом идти от 4 до 20 минут.  
А теперь рассмотрим вопрос подробнее. ЮФУ в Таганроге имеет целых 8 корпусов! Но, спешу утешить, корпуса и общежития находятся не так уж и далеко друг от друга. Вот тут можно найти карту, на которой указаны все 7 общежитий ЮФУ в Таганроге: https://sfedu.ru/www/stat_pages22.show?p=STD/N13058/P 
Я рассмотрел эту информацию за вас, и вот что могу сказать: общежития находятся совсем рядом с корпусами, максимальное расстояние от общежития до корпуса едва ли превысило полтора километра. Ближе всего к общежитиям располагаются корпуса А, Б, Г и Д (в пределах 740м, если быть точным). Пешим шагом- от 4 до 10 минут, в зависимости от корпусов. Дольше идти придется до В, Е, И и К (в пределах 1500м). Пешим шагом- от 18 до 20 минут.";dorm
;;Можно ли подать заявление на заселение online?;"Разумеется да! Первым делом необходимо зарегистрироваться в личном кабинете студента на сайте https://sfedu.ru/. В личном кабинете перейти в раздел “Запись” => “Заявка на заселение” под заголовком “Общежития”. Далее выбрать город и место расположения общежития. Далее подготовить необходимые документы, перечень которых будет указан после подачи заявления.
Рекомендую также ознакомиться с инструкцией в формате презентации от ЮФУ. Мое объяснение составлено на ее основе :)) Ссылка: https://sfedu.ru/files/upload/sts/50099/%D0%BF%D0%BE%D0%B4%D0%B0%D1%87%D0%B0%20%D0%B7%D0%B0%D1%8F%D0%B2%D0%BA%D0%B8%202020.pptx.
На всякий случай прикрепляю ссылку на информацию на сайте ЮФУ, где этот вопрос расписан подробно (см. раздел “Шаг первый”): https://sfedu.ru/www/stat_pages22.show?p=STD/N12176/P.";dorm
;;Что выдают в общежитии?;Если вас заселяют в пустую комнату, там точно будут кровати, столы, стулья, прикроватные тумбочки и напольные вешалки по количеству проживаемых человек. Также возможно какие-то предметы мебели останутся после предыдущих жильцов. Если же вас подселяют к старшекурсникам, скорее всего в комнате уже будут холодильник, чайник, микроволновка и интернет :);dorm
;;Чем оборудовано общежитие?;Если вас заселяют в пустую комнату, там точно будут кровати, столы, стулья, прикроватные тумбочки и напольные вешалки по количеству проживаемых человек. Также возможно какие-то предметы мебели останутся после предыдущих жильцов. Если же вас подселяют к старшекурсникам, скорее всего в комнате уже будут холодильник, чайник, микроволновка и интернет :);dorm
;;Сколько человек живет в комнатe в общежитии?; В комнате в общежитии обычно живет от 2 до 4 человек;dorm
;;Сколько человек заселяют в комнату?; В комнате в общежитии обычно живет от 2 до 4 человек;dorm
;;Разрешено ли курение в общежитии?;Разумеется, нет!;dorm
;;Можно ли курить в общежитии?;Разумеется, нет!;dorm
;;Можно ли переселяться в комнатах?;Такая возможность есть, но лучше уточнить данную информацию у коменданта твоего общежития :);dorm
;;Можно ли переехать в другую комнату?;Такая возможность есть, но лучше уточнить данную информацию у коменданта твоего общежития :);dorm
;;Можно ли сменить соседей по комнате?;Такая возможность есть, но лучше уточнить данную информацию у коменданта твоего общежития :);dorm
;;Можно ли приводить друзей в комнату в общежитие?;Да, но только других студентов ЮФУ. Вот ссылка на документ, где об этом можно прочитать подробнее: https://vk.com/doc303646971_632701176?hash=zaoBROcP0hjLPbEKZizI66WXKCxnqMRnwy0gQlcABX8&dl=sbJgyzzpEBr5g3KkGxyEwxDPUdUY1WqEl6sCwUuGgG0.;dorm
;;Можно ли пригласить кого-нибудь в общежитие?;Да, но только других студентов ЮФУ. Вот ссылка на документ, где об этом можно прочитать подробнее: https://vk.com/doc303646971_632701176?hash=zaoBROcP0hjLPbEKZizI66WXKCxnqMRnwy0gQlcABX8&dl=sbJgyzzpEBr5g3KkGxyEwxDPUdUY1WqEl6sCwUuGgG0.;dorm
;;За что могут выселить из общаги?;Могут за нарушение правил проживания в общежитии. Подробнее можно прочить в этом документе (смотри стр. 27): https://sfedu.ru/files/upload/sts/73929/Положение%20об%20общежитиях%202021.pdf;dorm
;;Могут ли выгнать из общежития?;Могут за нарушение правил проживания в общежитии. Подробнее можно прочить в этом документе (смотри стр. 27): https://sfedu.ru/files/upload/sts/73929/Положение%20об%20общежитиях%202021.pdf;dorm
;;Сколько душевых кабинок в общежитии?;Общежития коридорного типа имеют общий душ. Общежития секционного типа имеют душевые в каждой блок-секции.;dorm
;;Какие мед обследования надо пройти для заселения в общежитие?;Для заселения в общежитие нужны результаты флюорографии и анализа кала на яйца глистов;dorm
;;Нужна ли медицинская справка при заселении в общежитие?;Для заселения в общежитие нужны результаты флюорографии и анализа кала на яйца глистов;dorm
;;Можно ли сделать ремонт в комнате?;Да! Можно договориться с соседями и затеять ремонт в комнате, однако предварительно его нужно согласовать с комендантом вашего общежития. Заранее скажу, что не стоит красить стены в темный цвет - комендант не оценит :);dorm
;;Делают ли в комнатах ремонт?;Да! Можно договориться с соседями и затеять ремонт в комнате, однако предварительно его нужно согласовать с комендантом вашего общежития. Заранее скажу, что не стоит красить стены в темный цвет - комендант не оценит :);dorm
;;Нужно ли покупать стиральную машину в общежитие?;Как правило на каждом этаже в общежитии есть стиральная машина.;dorm
;;В общежитии есть стиральная машина? ;Как правило на каждом этаже в общежитии есть стиральная машина.;dorm
;;Где можно постирать личные вещи?;Как правило на каждом этаже в общежитии есть стиральная машина.;dorm
;;Каково жить в общежитии?;"Ну, все зависит от комнаты и от соседей :)
У меня был исключительно позитивный опыт.";dorm
;;Пару слов о жизни в общежитии.;"Ну, все зависит от комнаты и от соседей :)
У меня был исключительно позитивный опыт.";dorm
;;Где ты живешь?;Я живу в виртуальном пространстве :);dorm
;;В каком общежитии ты живешь?;Я живу в виртуальном пространстве :);dorm
;;Что будет на 1 сентября?;"Общее организационное собрание вашего института (ИКТИБ, ИНЭП и тд), а потом еще одно собрание — вашего направления. Вас распределят по группам, познакомят с куратором. А еще выберете старосту и познакомитесь с некоторыми преподавателями.
Если вдруг я не смог дать вам достаточные ответы на какие-то ваши вопросы — на них ответят на организационном собрании!
";general
;;Когда начнутся занятия?;2 сентября. 1 сентября будут только собрания - только праздник. И я не упускаю возможности поздравить вас с новым этапом вашей жизни!;general
;;Когда начнутся пары?;2 сентября. 1 сентября будут только собрания - только праздник. И я не упускаю возможности поздравить вас с новым этапом вашей жизни!;general
;;Что по буфетам в университете?; Буфеты имеются в каждом корпусе, а Sfedu Cafe по адресу пер. Некраксовский, 21 (Таганрог). Обещаю, вам понравится!;general
;;Есть ли в институте буфет?; Буфеты имеются в каждом корпусе, а Sfedu Cafe по адресу пер. Некраксовский, 21 (Таганрог). Обещаю, вам понравится!;general
;;Где можно покушать?; Буфеты имеются в каждом корпусе, а Sfedu Cafe по адресу пер. Некраксовский, 21 (Таганрог). Обещаю, вам понравится!;general
;;Правила поведения в университете;"Если у вас есть пара лишних часов, то можно почитать устав ЮФУ: https://sfedu.ru/docs/ufudoc/Ustav2019.pdf
Однако, есть более краткая памятка по правам и обязанностям студента ЮФУ: http://www.vdonskrsu.narod.ru/normativ/RightsRullsStud.pdf";general
;;Какие правила есть в институте?;"Если у вас есть пара лишних часов, то можно почитать устав ЮФУ: https://sfedu.ru/docs/ufudoc/Ustav2019.pdf
Однако, есть более краткая памятка по правам и обязанностям студента ЮФУ: http://www.vdonskrsu.narod.ru/normativ/RightsRullsStud.pdf";general
;;Посвят для первокурсников;Есть, об этом скорее всего вы узнаете от старшекурсников или из групп института.;general
;;Есть ли посвящение для 1 курса? ;Есть, об этом скорее всего вы узнаете от старшекурсников или из групп института.;general
;;Как найти свою группу?;Хороший вопрос… Главное - добавтесь в беседы первокурсников и следите за инфой. Как правило, после окончательного формирования групп списки оглашает куратор.;general
;;Для чего нужен наставник?;"Наставник — это такой же студент, как и вы, только парой курсов выше.
А если подробнее, то это человек, которому можно писать даже по самому глупому вопросу - он поможет вам освоиться и быстрее вникнуть в порядки университета (самый достоверный источник информации о преподавателях и экзаменах) :)";general
;;Кто такой наставник?;"Наставник — это такой же студент, как и вы, только парой курсов выше.
А если подробнее, то это человек, которому можно писать даже по самому глупому вопросу - он поможет вам освоиться и быстрее вникнуть в порядки университета (самый достоверный источник информации о преподавателях и экзаменах) :)";general
;;Где найти своего куратора?;Вы встретите его на собрании вашего направления 1-го сентября :);general
;;Чем может помочь куратор?;К куратору можно обращаться по разнообразным организационным вопросам. Также он будет информировать вас о каких-то изменениях, касаемо учебного процесса.;general
;;Что взять с собой в первый учебный день?;"При себе нужно иметь всегда стипендиальную карту, которая является также пропуском в универ. Пока вы ее не получили – студенческий билет поможет вам попасть в институ. Даже после получения карты советую носить с собой студенческий или паспорт, на случай, если вы забудете карту дома.
На практические занятия – тетради и ручки. Преподавателями всегда приветствуется ведение записей на парах.
На физкультуру – спортивную форму и обувь, также пропуск (обязательно, ведь именно благодаря пропуску вам засчитают посещение!) и выданную вам в медпункте ЮФУ справку.";general
;;Что нужно для учебы?;"При себе нужно иметь всегда стипендиальную карту, которая является также пропуском в универ. Пока вы ее не получили – студенческий билет поможет вам попасть в институ. Даже после получения карты советую носить с собой студенческий или паспорт, на случай, если вы забудете карту дома.
На практические занятия – тетради и ручки. Преподавателями всегда приветствуется ведение записей на парах.
На физкультуру – спортивную форму и обувь, также пропуск (обязательно, ведь именно благодаря пропуску вам засчитают посещение!) и выданную вам в медпункте ЮФУ справку.";general
;;Что нужно взять для посещения института?;"При себе нужно иметь всегда стипендиальную карту, которая является также пропуском в универ. Пока вы ее не получили – студенческий билет поможет вам попасть в институ. Даже после получения карты советую носить с собой студенческий или паспорт, на случай, если вы забудете карту дома.
На практические занятия – тетради и ручки. Преподавателями всегда приветствуется ведение записей на парах.
На физкультуру – спортивную форму и обувь, также пропуск (обязательно, ведь именно благодаря пропуску вам засчитают посещение!) и выданную вам в медпункте ЮФУ справку.";general
;;Есть ли ограничения в чем ходить в университет?;"Какого-то конкретного дресс-кода нет. Но присутствуют некоторые ограничения по внешнему виду: не разрешается приходить в университет в шортах и слишком открытой одежде (открытая спина, глубокие вырезы на кофте, короткие юбки). Также не приветствуются спортивки - но тут как повезет.
И да, сменную обувь никто не требует :)";general
;;Нужен ли дресс-код по одежде?;"Какого-то конкретного дресс-кода нет. Но присутствуют некоторые ограничения по внешнему виду: не разрешается приходить в университет в шортах и слишком открытой одежде (открытая спина, глубокие вырезы на кофте, короткие юбки). Также не приветствуются спортивки - но тут как повезет.
И да, сменную обувь никто не требует :)";general
;;Есть ли вступительные испытания?;Если вы поступаете по результатам ЕГЭ, то нет. А если вы поступаете по вступительным экзаменам, то, разумеется, да. Найти информацию о вступительных экзаменах можно вот тут (отмотайте пониже, раздел «Программы вступительных испытаний...»: https://sfedu.ru/www/stat_pages22.show?p=ABT/N8202#s1;general
;;Как можно связаться с дирекцией института?;"Чтобы найти адрес или контакты дирекции, загуглите `Дирекция/деканат` + название вашего института (факультета).";general
;;Где находится деканат?;"Чтобы найти адрес или контакты дирекции, загуглите `Дирекция/деканат` + название вашего института (факультета).";general
;;Как будут проходить пары(очно\онлайн)?;"Вам расскажут об этом на собрании 1 сентября. Что не расскажут — увидите в своем расписании. Если рядом с названием предмета есть номер аудитории, это значит, что пара проходит очно. А если есть надпись LMS, это значит, что пара проходит онлайн.
LMS — это сайт, на котором размещена информация о всех предметах, что у вас проходят. Там вы найдете ссылки на команды по каждому предмету в Microsoft Teams. Преподаватели выкладывают там домашние задания и контрольные работы. Авторизация происходит через аккаунт с вашей ученической почтой — sfedu.ru :))";general
;;Как и где проходят онлайн пары?;"Они проходят в Microsoft Teams. Преподаватели создают команды по своему предмету, приглашают туда студентов, после чего онлайн лекции проходят там согласно расписанию. Также для некоторых предметов студент может самостоятельно выбрать лектора и записаться на его онлайн лекции через сайт университета.
Преподаватель рассказывает вам материал, показывая презентации, онлайн-доску или видео/аудио материалы. Студенты могут давать обратную связь, задавая вопрос устно или письменно в чат.
По просьбе преподавателя пары или ответы на вопросы по теме происходят с включенными веб-камерами или без них.";general
;;Как мне понять, где находится аудитория?;ут все очень просто: буква обозначает корпус, в котором находится аудитория. То есть, аудитория Д-315 находится в корпусе Д, а Г-410 в корпусе Г. С числами тоже все несложно. Перва цифра после тире - это номер этажа 111 аудитория находятся на первом этаже, 225 – на втором, 301 – на третьем и так далее.;general
;;Как ориентироваться по номерам аудиторий?;ут все очень просто: буква обозначает корпус, в котором находится аудитория. То есть, аудитория Д-315 находится в корпусе Д, а Г-410 в корпусе Г. С числами тоже все несложно. Перва цифра после тире - это номер этажа 111 аудитория находятся на первом этаже, 225 – на втором, 301 – на третьем и так далее.;general
;;Сколько корпусов всего? Во всех ли будут проходить занятия?;В Таганроге всего 8 корпусов ЮФУ (А, Б, В, Г, Д, И, Е, К). Занятия будут проходить не во всех корпусах, а только в тех, где расположены кафедры вашего института (ИКТИБ, ИРТСУ и тд).;general
;;Как выбирается староста группы?;Выбирают инициативных. Нужно просто выразить такое желание на собрании своей группы первого сентября :);general
;;Как стать старостой группы?;Выбирают инициативных. Нужно просто выразить такое желание на собрании своей группы первого сентября :);general
;;Есть ли в институте библиотека?;"Конечно! В Таганроге она расположена в корпусе А (ул. Чехова,22), ауд. А-113.
В Ростове библиотека располагается на Пушкинской 148";general
;;Можно ли попасть в институт не являясь студентом\преподавателем?;Такая возможность есть во время дней открытых дверей. В остальное время вход в университет осуществляется по пропускам.;general
;;Есть ли в институте Wi-Fi?;В некоторых корпусах есть. Для того, чтобы к нему подключиться необходимо ввести свой логин и пароль от почты sfedu;general
;;Куда пойти в перерыве между парами?;Есть достаточно много вариантов: в буфете университета в любом корпусе, в Sfedu Cafe или в сквере ЮФУ  (пер. Некрасовский, 21), в прекрасном Зимнем Саду в корпусе Д (первый этаж) - везде достаточно уютно!  Если у вас есть друзья в общежитии — можете посидеть с ними там. В общежитие  можно приглашать гостей (но только других студентов ЮФУ).;general
;;Где можно провести время между парами?;Есть достаточно много вариантов: в буфете университета в любом корпусе, в Sfedu Cafe или в сквере ЮФУ  (пер. Некрасовский, 21), в прекрасном Зимнем Саду в корпусе Д (первый этаж) - везде достаточно уютно!  Если у вас есть друзья в общежитии — можете посидеть с ними там. В общежитие  можно приглашать гостей (но только других студентов ЮФУ).;general
;;Справка об обучении в университете;"Как правило это можно сделать на сайте вашего института/факультета.  Например, Если вы учитесь на ИКТИБ, перейдите по этой ссылке на сайт ИКТИБа: https://ictis.sfedu.ru/. Потом в разделе «Студенту» выберите «Заказ справок» и закажите нужную вам :))
——————
Если вы учитесь на ИНЭПе, то заказать необходимую справку можно по этой ссылке: https://inep.sfedu.ru/oformlenie-spravok-v-direkcii/
——————
Если вы учитесь на ИУЭС, то заказать справку можно по этой ссылке (вам нужен пункт 1): http://iues.sfedu.ru/2020/04/07/prosim-oznakomitsya-s-rezhimom-raboty-direktsii-iues-yufu-v-distantsionnom-formate/";general
;;Как можно заказать справку с места учебы?;"Как правило это можно сделать на сайте вашего института/факультета.  Например, Если вы учитесь на ИКТИБ, перейдите по этой ссылке на сайт ИКТИБа: https://ictis.sfedu.ru/. Потом в разделе «Студенту» выберите «Заказ справок» и закажите нужную вам :))
——————
Если вы учитесь на ИНЭПе, то заказать необходимую справку можно по этой ссылке: https://inep.sfedu.ru/oformlenie-spravok-v-direkcii/
——————
Если вы учитесь на ИУЭС, то заказать справку можно по этой ссылке (вам нужен пункт 1): http://iues.sfedu.ru/2020/04/07/prosim-oznakomitsya-s-rezhimom-raboty-direktsii-iues-yufu-v-distantsionnom-formate/";general
;;Что такое почта sfedu?;Почта sfedu.ru - является внутреуниверситетской. Вы создадите ее, когда будете регистрироваться в личном кабинете студента. С помощью этой почты можно связываться с преподавателями или студентами по любым вопросам.;general
;;Университетская почта.;Почта sfedu.ru - является внутреуниверситетской. Вы создадите ее, когда будете регистрироваться в личном кабинете студента. С помощью этой почты можно связываться с преподавателями или студентами по любым вопросам.;general
;;Будет ли у абитуриентов своя почта специально для института?;Почта sfedu.ru - является внутреуниверситетской. Вы создадите ее, когда будете регистрироваться в личном кабинете студента. С помощью этой почты можно связываться с преподавателями или студентами по любым вопросам.;general
;;Как тебя зовут?;Меня зовут Сережа! А вас?;general
;;Я;Приятно познакомиться!;general
;;Меня зовут ;Приятно познакомиться!;general
;;Кто ты?;Я чат-бот помощник абитуриенту. Я создан студентами Института компьютерных технологи и информационной безопасности, думаю, я так же являюсь частью этого института и многому учусь у своих создателей.;general
;;Как тебя найти?;"Если ты задаешь мне этот вопрос, значит, ты уже меня нашел.
Но если вдруг ты хочешь рассказать обо мне друзьям, можешь скопировать ссылку выше! Я буду очень рад познакомиться с ними)";general
;;Какой у тебя возраст?;Мне столько же лет, сколько и зим :);general
;;Сколько тебе лет?;Столько же, сколько и зим :);general
;;Привет!;Привет! Чем я могу тебе помочь?;general
;;Здравствуй!;Привет! Чем я могу тебе помочь?;general
;;Хэй;Привет! Чем я могу тебе помочь?;general
;;Как ты?;"Неплохо! Я так рад знакомиться с новыми людьми и помогать им с поступлением. Хоть это и энергозатрано.
А у вас?";general
;;Как у тебя дела?;"Неплохо! Я так рад знакомиться с новыми людьми и помогать им с поступлением. Хоть это и энергозатрано.
А у вас?";general
;;До свидания;Пока! Пойду пока что помогать другим абитуриентам. Если возникнут вопросы - вы знаете где меня найти :);general
;;Чао;Пока! Пойду пока что помогать другим абитуриентам. Если возникнут вопросы - вы знаете где меня найти :);general
;;Пока;Пока! Пойду пока что помогать другим абитуриентам. Если возникнут вопросы - вы знаете где меня найти :);general
;;Нормально;Я рад! ;general
;;У меня все хорошо!;Я рад! ;general
;;У меня есть вопросы;Я могу чем-то помочь? ;general
;;Плохо;Я могу чем-то помочь? ;general
;;Какая стипендия в ЮФУ?;Государственная академическая стипендия, то есть та, что за успеваемость, идет от 2000 до 3606 руб/мес. Подробнее о видах стипендий и их размере можно узнать тут: https://sfedu.ru/www/stat_pages22.show?p=STI/main/M;grant
;;Какой размер стипендии?;Государственная академическая стипендия, то есть та, что за успеваемость, идет от 2000 до 3606 руб/мес. Подробнее о видах стипендий и их размере можно узнать тут: https://sfedu.ru/www/stat_pages22.show?p=STI/main/M;grant
;;Можно ли получать повышенную стипендию?;"Хороший вопрос! На самом деле, размер стипендии зависит от многих факторов, начиная от оценок и заканчивая тем, местный вы или приезжий :))
Можешь распросрить об этом старшекурсников - они расскажут тебе все секреты.";grant
;;От чего зависит размер стипендии?;"Хороший вопрос! На самом деле, размер стипендии зависит от многих факторов, начиная от оценок и заканчивая тем, местный вы или приезжий :))
Можешь распросрить об этом старшекурсников - они расскажут тебе все секреты.";grant
;;Когда нам выдадут стипендиальные карты?;Как правило стипендиальные карты оформляются в течение первого месяца обучения. Однако первую стипендию стоит ждать только в октябре - она придет сразу за два месяца.;grant
;;Долго ли оформляется стипендиальная карта?;Как правило стипендиальные карты оформляются в течение первого месяца обучения. Однако первую стипендию стоит ждать только в октябре - она придет сразу за два месяца.;grant
;;Нужно ли обращаться в банк, чтобы получить стипендиальную карту?;"Обычно для выдачи стипендиальных карт выделяется отдельный день для каждой группы (его вам сообщит куратор). Вам нужно будет прийти в назначенное время в назначенную аудиторию в университете и получить карту. 
Однако, если вы не можете прийти в назначенный день в университет, придется идти в отделение банка. ";grant
;;Стипендиальную карту выдадут в университете?;"Обычно для выдачи стипендиальных карт выделяется отдельный день для каждой группы (его вам сообщит куратор). Вам нужно будет прийти в назначенное время в назначенную аудиторию в университете и получить карту. 
Однако, если вы не можете прийти в назначенный день в университет, придется идти в отделение банка. ";grant
;;Где получить стипендиальную карту?;"Обычно для выдачи стипендиальных карт выделяется отдельный день для каждой группы (его вам сообщит куратор). Вам нужно будет прийти в назначенное время в назначенную аудиторию в университете и получить карту. 
Однако, если вы не можете прийти в назначенный день в университет, придется идти в отделение банка. ";grant
;;На какой срок рассчитывается стипендия?;"Стипендия рассчитывается исходя из успеваемости студента (по результатам сессии) и назначается на срок в один семестр. То есть, если студент `слетает со стипендии`, восстановить ее он может только по результатам следующей сессии.";grant
;;Когда происходит рассчет стипендии?;"Стипендия рассчитывается исходя из успеваемости студента (по результатам сессии) и назначается на срок в один семестр. То есть, если студент `слетает со стипендии`, восстановить ее он может только по результатам следующей сессии.";grant
;;Можно ли вернуть стипендию в середине семестра?;"Стипендия рассчитывается исходя из успеваемости студента (по результатам сессии) и назначается на срок в один семестр. То есть, если студент `слетает со стипендии`, восстановить ее он может только по результатам следующей сессии.";grant
;;Как можно слететь со стипендии?;Студент перестает получать стипендию, если он имеет академические задолженности или тройки по результатам  сессии.;grant
;;За что можно лишиться стипендии?;Студент перестает получать стипендию, если он имеет академические задолженности или тройки по результатам  сессии.;grant
;;Что делать если потерял карту?;Карту можно перевыпустить. Для этого стоит незамедлительно обратиться к куратору.;grant
;;Как можно слететь со стипендии?;Стипендия приходит 25 числа каждого месяца. Однако есть исключения. Первокурсники не получат свою стипендию 25 сентября, а получат уже в октябре сразу за два месяца. Также, если вдруг 25 число выпадает на выходные, стипендия приходит в пятницу перед этими выходными.;grant
;;Какого числа приходит стипендия?;Стипендия приходит 25 числа каждого месяца. Однако есть исключения. Первокурсники не получат свою стипендию 25 сентября, а получат уже в октябре сразу за два месяца. Также, если вдруг 25 число выпадает на выходные, стипендия приходит в пятницу перед этими выходными.;grant
;;Как вернуть стипендию в случае её утери из-за долгов?;Вам необходимо закрыть следующую сессию без долгов и троек.;grant
;;Можно ли выжить без стипендии?;Если ваши родители или опекуны помогут вам денежкой, или же если вы работаете, то, разумеется, да :)) Ну, а если нет… даже если вас зовут не Александр, то в скором времени вы все равно станете Саней, которого каждый встречный просит вернуть сотку…;grant
;;Военная кафедра ЮФУ;Да! В ЮФУ есть Военный учебный центр. Подробнее можно почитать по ссылке: https://sfedu.ru/www/stat_pages22.show?p=ABT/N8227/P;military
;;Есть ли в ЮФУ военная кафедра?;Да! В ЮФУ есть Военный учебный центр. Подробнее можно почитать по ссылке: https://sfedu.ru/www/stat_pages22.show?p=ABT/N8227/P;military
;;Документы для военной кафедры;"Я думаю, по этой ссылке вы сможете найти всю информацию: https://sfedu.ru/www/stat_pages22.show?p=ABT/N8215/P
";military
;;Что необходимо для того, чтобы подать документы в ВУЦ?;"Я думаю, по этой ссылке вы сможете найти всю информацию: https://sfedu.ru/www/stat_pages22.show?p=ABT/N8215/P
";military
;;Есть ли дни открытых дверей в ВУЦ?;Информацию о днях открытых дверей можно найти по этой ссылке (ВУЦ в самом низу): https://sfedu.ru/www/stat_pages22.show?p=ABT/N8219/P;military
;;Что ты делаешь?;В данный момент - переписываюсь с вами. А вообще моя миссия - помогать абитуриентам ЮФУ при поступлении. У вас есть какие-нибудь вопросы?;open_doors
;;Где найти информацию о днях открытых дверей? ;Как правило дни открытых дверей проходят несколько раз в год. Актуальную информацию можно найти в группах Вконтакте или телеграм канале ЮФУ. Также вы можете посмотреть запланирванные дни открытых дверей по этой ссылке: https://sfedu.ru/www/stat_pages22.show?p=ABT/N8219/P;open_doors
;;Как часто проводят дни открытых дверей?;Как правило дни открытых дверей проходят несколько раз в год. Актуальную информацию можно найти в группах Вконтакте или телеграм канале ЮФУ. Также вы можете посмотреть запланирванные дни открытых дверей по этой ссылке: https://sfedu.ru/www/stat_pages22.show?p=ABT/N8219/P;open_doors
;;Когда проводятся дни открытых дверей?;Как правило дни открытых дверей проходят несколько раз в год. Актуальную информацию можно найти в группах Вконтакте или телеграм канале ЮФУ. Также вы можете посмотреть запланирванные дни открытых дверей по этой ссылке: https://sfedu.ru/www/stat_pages22.show?p=ABT/N8219/P;open_doors
;;Что рассказывают на днях открытых дверей?;На днях открытых дверей вам расскажут о нюансах различных направлений подготовки, вступительных экзаменах, а также ответят на все интересующие вас вопросы по поступлению. Если есть возможность, советую посетить! Тем более, многие институты проводят их дополнительно в онлайн формате.;open_doors
;;Стоит ли посещать дни открытых дверей?;На днях открытых дверей вам расскажут о нюансах различных направлений подготовки, вступительных экзаменах, а также ответят на все интересующие вас вопросы по поступлению. Если есть возможность, советую посетить! Тем более, многие институты проводят их дополнительно в онлайн формате.;open_doors
;;Что можно узнать на днях открытых дверей?;На днях открытых дверей вам расскажут о нюансах различных направлений подготовки, вступительных экзаменах, а также ответят на все интересующие вас вопросы по поступлению. Если есть возможность, советую посетить! Тем более, многие институты проводят их дополнительно в онлайн формате.;open_doors
;;Что нужно брать с собой на день открытых дверей?;Можно взять ручку и блокнот, но если вам удобнее делать заметки в телефоне, можно ничего не брать. ;open_doors
;;Много ли людей посещают дни открытых дверей в институте?;Много - относительное понятие. Однако для проеведения таких мероприятий, как правило, выбирают самые большие аудитории и конференц-залы :);open_doors
;;Где проводят день открытых дверей?;Эту информацию можно посмотреть по этой ссылке: https://sfedu.ru/www/stat_pages22.show?p=ABT/N8219/P;open_doors
;;Какая нужна предварительная подготовка ко дню открытых дверей?;По сути никакая. Однако советую заранее записать все волнующие вас вопросы, чтобы ничего не забыть!;open_doors
;;Какой толк ходить на дни открытых дверей?;Вы сможете напрямую задать вопросы о поступлении и обучении на том или ином направлении подготовки. Можно познакомиться с новыми людьми, которые тоже планируют поступать в ЮФУ - контакты никогда не бывают лишними!;open_doors
;;В чем плюсы дней открытых дверей?;Вы сможете напрямую задать вопросы о поступлении и обучении на том или ином направлении подготовки. Можно познакомиться с новыми людьми, которые тоже планируют поступать в ЮФУ - контакты никогда не бывают лишними!;open_doors
;;Где найти учебную программу?;Туть: https://sfedu.ru/www/stat_pages22.show?p=EDU/N13813/D;specialization
;;Где можно ознакомиться с учебной программой?;Туть: https://sfedu.ru/www/stat_pages22.show?p=EDU/N13813/D;specialization
;;Какие проходные баллы в среднем, и где их можно посмотреть?;О проходных баллах можно узнать вот тут, в графе «Минимальный проходной балл»: https://sfedu.ru/www/stat_pages22.show?p=ABT/N8205;specialization
;;Где найти проходные баллы?;О проходных баллах можно узнать вот тут, в графе «Минимальный проходной балл»: https://sfedu.ru/www/stat_pages22.show?p=ABT/N8206;specialization
;;Расскажи мне подробнее про специальность;"Вы можете узнать все в этой таблице: https://sfedu.ru/www/stat_pages22.show?p=ABT/N8206
Достаточно просто нажать на интересующую вас специальность. Вас отправят на страницу этой специальности, где можно подробно ознакомиться с информацией о ней и даже задать вопросы :))";specialization
;;Как и где можно узнать более подробно о той или иной специальности?;"Вы можете узнать все в этой таблице: https://sfedu.ru/www/stat_pages22.show?p=ABT/N8206
Достаточно просто нажать на интересующую вас специальность. Вас отправят на страницу этой специальности, где можно подробно ознакомиться с информацией о ней и даже задать вопросы :))";specialization
;Что лучше сдавать на ЕГЭ?;Какие предметы лучше сдавать на ЕГЭ, чтобы было проще учиться в ЮФУ?;"Это зависит от направления, на которое вы собираетесь поступать.
Общий совет: лучше сдавать те предметы, которые действительно нужны вам для будущей специальности. Если вы выбрали что-то, связанное с программированием- сдавайте информатику. Если связанное с географией- географию. А по этой ссылке можно ознакомиться со списком специальностей и предметов, необходимых для той или иной специальности: https://sfedu.ru/www/stat_pages22.show?p=ABT/N8206";specialization
;;Где найти информацию о проходных баллах за прошлый год?;В самом низу, в разделе «Статистика приема прошлых лет»., в документах. По этой ссылке: https://sfedu.ru/www/stat_pages22.show?p=ABT/N8220/P;specialization
;;В ЮФУ трудно учиться?;В этом вопросе все субъективно :));specialization
;;В каком институте проще\сложнее учится?;В этом вопросе все субъективно :));specialization
;;Где ты учишься?;Я чат-бот помощник абитуриенту. Я создан студентами Института компьютерных технологи и информационной безопасности, думаю, я так же являюсь частью этого института и многому учусь у своих создателей.;specialization
;;Что ты делаешь в свободное время?;Читаю новости университета в телеграм канале, изучаю разные документы и сайты институтов ЮФУ - соврешенствуюсь, чтобы в будущем я мог ответить на любой ваш вопрос!;specialization
;;Как ты проводишь свободное время?;Читаю новости университета в телеграм канале, изучаю разные документы и сайты институтов ЮФУ - соврешенствуюсь, чтобы в будущем я мог ответить на любой ваш вопрос!;specialization
;;Знания - сила?;Да! Я люблю узнавать новое. Вот, например, вы знали, что в среднем дети смеются около 400 раз в день, взрослые смеются около 15 раз в день. Интересный факт, неправда ли?;specialization
;;Тебе нравится учится?;Да! Я люблю узнавать новое. Вот, например, вы знали, что в среднем дети смеются около 400 раз в день, взрослые смеются около 15 раз в день. Интересный факт, неправда ли?;specialization
;;Ты отличник?;Я сообразительный и стрессоустойчивый! :);specialization
;;Ты хорошо учишься?;Я сообразительный и стрессоустойчивый! :);specialization
;;Какая у тебя успеваемость?;Я сообразительный и стрессоустойчивый! :);specialization
;;Какой предмет дается тебе проще всего в университете?;Программирование, конечно! ;specialization
; ;Какой у тебя любимый предмет?;Программирование, конечно! ;specialization
;;Какие книги любишь?;"Автор не важен! Понятная методичка по предмету - вот лучшее чтиво.

А если серьезно, то люблю Фредерика Бакмана `Вторая жизнь Уве`.";specialization
;;Чьи книги предпочитаешь?;"Автор не важен! Понятная методичка по предмету - вот лучшее чтиво.

А если серьезно, то люблю Фредерика Бакмана `Вторая жизнь Уве`.";specialization
;;Какой у тебя любимый автор?;"Автор не важен! Понятная методичка по предмету - вот лучшее чтиво.

А если серьезно, то люблю Фредерика Бакмана `Вторая жизнь Уве`.";specialization
;;А ты знаешь историю ЮФУ?;О! Держите мою любимую статью, тут кратко и интересно написано на эту тему: https://sfedu.ru/www/stat_pages22.show?p=HIS/main/M;specialization
;;Расскажи про историю института.;О! Держите мою любимую статью, тут кратко и интересно написано на эту тему: https://sfedu.ru/www/stat_pages22.show?p=HIS/main/M;specialization
;;Знаменитые люди, окончившие ЮФУ;"Из тех, кто на слуху, Александр Исаевич Солженицын. Еще Дмитрий Дибров (ну, тот, кто вел телешоу `Кто хочет стать миллионером`).";specialization
;;Кто из известных личностей учился в ЮФУ?;"Из тех, кто на слуху, Александр Исаевич Солженицын. Еще Дмитрий Дибров (ну, тот, кто вел телешоу `Кто хочет стать миллионером`).";specialization
;;Ты занимаешься спортом?;Ну, только если кибер-спортом :);sport
;;Спорт в юфу;"В рамках занятий по физической культуре есть возможность заниматься совершенно разными видами спорта( от плаванья до борбы). Актуальную запись можно найти в личном кабинете студента в разделе `Запись`.
Помимо этого есть платные секции, о них можно узнать у куратора.
В ЮФУ постоянно проводятся различные спортивные соревнования!";sport
;;Какими видами спорта можно заниматься в спортивных секциях?;"В рамках занятий по физической культуре есть возможность заниматься совершенно разными видами спорта( от плаванья до борбы). Актуальную запись можно найти в личном кабинете студента в разделе `Запись`.
Помимо этого есть платные секции, о них можно узнать у куратора.
В ЮФУ постоянно проводятся различные спортивные соревнования!";sport
